run_id,strategy_id,symbol,window_start,window_end,observation_count,trade_count,net_return,total_cost,maximum_drawdown,status,receipt_path
H002_momentum__BTCUSDT__early,H002_momentum,BTCUSDT,2021-01-01T00:00:00Z,2021-03-31T23:00:00Z,2157,200,0.1831502639159588,0.2,-0.2461688963156201,completed,experiments/runs/first_batch/H002_momentum__BTCUSDT__early/run_receipt.json
H002_momentum__BTCUSDT__middle,H002_momentum,BTCUSDT,2023-10-15T00:00:00Z,2024-01-12T23:00:00Z,2159,226,0.09093930753946933,0.22599999999999998,-0.18124509959596113,completed,experiments/runs/first_batch/H002_momentum__BTCUSDT__middle/run_receipt.json
H002_momentum__BTCUSDT__late,H002_momentum,BTCUSDT,2026-04-29T00:00:00Z,2026-07-27T23:00:00Z,2159,194,-0.24245035266882287,0.194,-0.2791131212476792,completed,experiments/runs/first_batch/H002_momentum__BTCUSDT__late/run_receipt.json
H002_momentum__ETHUSDT__early,H002_momentum,ETHUSDT,2021-01-01T00:00:00Z,2021-03-31T23:00:00Z,2157,179,0.5876140024116965,0.179,-0.21743893910843004,completed,experiments/runs/first_batch/H002_momentum__ETHUSDT__early/run_receipt.json
H002_momentum__ETHUSDT__middle,H002_momentum,ETHUSDT,2023-10-15T00:00:00Z,2024-01-12T23:00:00Z,2159,238,0.10769485107462362,0.238,-0.14298660294273635,completed,experiments/runs/first_batch/H002_momentum__ETHUSDT__middle/run_receipt.json
H002_momentum__ETHUSDT__late,H002_momentum,ETHUSDT,2026-04-29T00:00:00Z,2026-07-27T23:00:00Z,2159,190,-0.24712197521271573,0.19,-0.32838625513280073,completed,experiments/runs/first_batch/H002_momentum__ETHUSDT__late/run_receipt.json
H002_momentum__SOLUSDT__early,H002_momentum,SOLUSDT,2021-01-01T00:00:00Z,2021-03-31T23:00:00Z,2157,165,2.215946757087238,0.165,-0.3144424470164834,completed,experiments/runs/first_batch/H002_momentum__SOLUSDT__early/run_receipt.json
H002_momentum__SOLUSDT__middle,H002_momentum,SOLUSDT,2023-10-15T00:00:00Z,2024-01-12T23:00:00Z,2159,170,1.392158590336686,0.16999999999999998,-0.2777561699296276,completed,experiments/runs/first_batch/H002_momentum__SOLUSDT__middle/run_receipt.json
H002_momentum__SOLUSDT__late,H002_momentum,SOLUSDT,2026-04-29T00:00:00Z,2026-07-27T23:00:00Z,2159,204,-0.18385059468373688,0.20400000000000001,-0.2283521229731612,completed,experiments/runs/first_batch/H002_momentum__SOLUSDT__late/run_receipt.json
H003_moving_average__BTCUSDT__early,H003_moving_average,BTCUSDT,2021-01-01T00:00:00Z,2021-03-31T23:00:00Z,2157,23,0.42616883631325364,0.023,-0.29256085672978405,completed,experiments/runs/first_batch/H003_moving_average__BTCUSDT__early/run_receipt.json
H003_moving_average__BTCUSDT__middle,H003_moving_average,BTCUSDT,2023-10-15T00:00:00Z,2024-01-12T23:00:00Z,2159,30,0.2790121230581093,0.03,-0.10427855721234103,completed,experiments/runs/first_batch/H003_moving_average__BTCUSDT__middle/run_receipt.json
H003_moving_average__BTCUSDT__late,H003_moving_average,BTCUSDT,2026-04-29T00:00:00Z,2026-07-27T23:00:00Z,2159,29,-0.17166151440510835,0.028999999999999998,-0.21082803625679658,completed,experiments/runs/first_batch/H003_moving_average__BTCUSDT__late/run_receipt.json
H003_moving_average__ETHUSDT__early,H003_moving_average,ETHUSDT,2021-01-01T00:00:00Z,2021-03-31T23:00:00Z,2157,23,0.32174012477672465,0.023,-0.23571800401576581,completed,experiments/runs/first_batch/H003_moving_average__ETHUSDT__early/run_receipt.json
H003_moving_average__ETHUSDT__middle,H003_moving_average,ETHUSDT,2023-10-15T00:00:00Z,2024-01-12T23:00:00Z,2159,31,0.22580329522950304,0.031000000000000003,-0.17905961405110815,completed,experiments/runs/first_batch/H003_moving_average__ETHUSDT__middle/run_receipt.json
H003_moving_average__ETHUSDT__late,H003_moving_average,ETHUSDT,2026-04-29T00:00:00Z,2026-07-27T23:00:00Z,2159,29,-0.11160321934801287,0.029,-0.17676286778355277,completed,experiments/runs/first_batch/H003_moving_average__ETHUSDT__late/run_receipt.json
H003_moving_average__SOLUSDT__early,H003_moving_average,SOLUSDT,2021-01-01T00:00:00Z,2021-03-31T23:00:00Z,2157,29,2.1564840149530577,0.029,-0.3875780277863854,completed,experiments/runs/first_batch/H003_moving_average__SOLUSDT__early/run_receipt.json
H003_moving_average__SOLUSDT__middle,H003_moving_average,SOLUSDT,2023-10-15T00:00:00Z,2024-01-12T23:00:00Z,2159,26,1.354308050416106,0.026000000000000002,-0.29349539023865523,completed,experiments/runs/first_batch/H003_moving_average__SOLUSDT__middle/run_receipt.json
H003_moving_average__SOLUSDT__late,H003_moving_average,SOLUSDT,2026-04-29T00:00:00Z,2026-07-27T23:00:00Z,2159,25,0.04247373242102048,0.025,-0.16198715404841357,completed,experiments/runs/first_batch/H003_moving_average__SOLUSDT__late/run_receipt.json
H004_mean_reversion__BTCUSDT__early,H004_mean_reversion,BTCUSDT,2021-01-01T00:00:00Z,2021-03-31T23:00:00Z,2157,247,-0.2441452556603203,0.256,-0.2514051872356935,completed,experiments/runs/first_batch/H004_mean_reversion__BTCUSDT__early/run_receipt.json
H004_mean_reversion__BTCUSDT__middle,H004_mean_reversion,BTCUSDT,2023-10-15T00:00:00Z,2024-01-12T23:00:00Z,2159,262,-0.27901563406075114,0.273,-0.29696653138397333,completed,experiments/runs/first_batch/H004_mean_reversion__BTCUSDT__middle/run_receipt.json
H004_mean_reversion__BTCUSDT__late,H004_mean_reversion,BTCUSDT,2026-04-29T00:00:00Z,2026-07-27T23:00:00Z,2159,262,-0.13506148875524515,0.275,-0.14548034904572993,completed,experiments/runs/first_batch/H004_mean_reversion__BTCUSDT__late/run_receipt.json
H004_mean_reversion__ETHUSDT__early,H004_mean_reversion,ETHUSDT,2021-01-01T00:00:00Z,2021-03-31T23:00:00Z,2157,257,-0.35849412946966897,0.264,-0.36640265049083953,completed,experiments/runs/first_batch/H004_mean_reversion__ETHUSDT__early/run_receipt.json
H004_mean_reversion__ETHUSDT__middle,H004_mean_reversion,ETHUSDT,2023-10-15T00:00:00Z,2024-01-12T23:00:00Z,2159,236,-0.234121903438143,0.242,-0.234121903438143,completed,experiments/runs/first_batch/H004_mean_reversion__ETHUSDT__middle/run_receipt.json
H004_mean_reversion__ETHUSDT__late,H004_mean_reversion,ETHUSDT,2026-04-29T00:00:00Z,2026-07-27T23:00:00Z,2159,253,-0.22943171305641508,0.267,-0.24222795153762944,completed,experiments/runs/first_batch/H004_mean_reversion__ETHUSDT__late/run_receipt.json
H004_mean_reversion__SOLUSDT__early,H004_mean_reversion,SOLUSDT,2021-01-01T00:00:00Z,2021-03-31T23:00:00Z,2157,242,-0.45324308204888974,0.248,-0.470501229235767,completed,experiments/runs/first_batch/H004_mean_reversion__SOLUSDT__early/run_receipt.json
H004_mean_reversion__SOLUSDT__middle,H004_mean_reversion,SOLUSDT,2023-10-15T00:00:00Z,2024-01-12T23:00:00Z,2159,237,0.1500646275922739,0.239,-0.12024050544261244,completed,experiments/runs/first_batch/H004_mean_reversion__SOLUSDT__middle/run_receipt.json
H004_mean_reversion__SOLUSDT__late,H004_mean_reversion,SOLUSDT,2026-04-29T00:00:00Z,2026-07-27T23:00:00Z,2159,241,-0.19078007470495095,0.253,-0.2054342731568627,completed,experiments/runs/first_batch/H004_mean_reversion__SOLUSDT__late/run_receipt.json
H005_donchian__BTCUSDT__early,H005_donchian,BTCUSDT,2021-01-01T00:00:00Z,2021-03-31T23:00:00Z,2157,162,-0.12592066269634528,0.16199999999999998,-0.17306808145795383,completed,experiments/runs/first_batch/H005_donchian__BTCUSDT__early/run_receipt.json
H005_donchian__BTCUSDT__middle,H005_donchian,BTCUSDT,2023-10-15T00:00:00Z,2024-01-12T23:00:00Z,2159,142,-0.0059313225143392545,0.14200000000000002,-0.0902590054440835,completed,experiments/runs/first_batch/H005_donchian__BTCUSDT__middle/run_receipt.json
H005_donchian__BTCUSDT__late,H005_donchian,BTCUSDT,2026-04-29T00:00:00Z,2026-07-27T23:00:00Z,2159,124,-0.15064449565851246,0.12400000000000001,-0.1534325780245921,completed,experiments/runs/first_batch/H005_donchian__BTCUSDT__late/run_receipt.json
H005_donchian__ETHUSDT__early,H005_donchian,ETHUSDT,2021-01-01T00:00:00Z,2021-03-31T23:00:00Z,2157,176,-0.22304428322402026,0.176,-0.29068967999409234,completed,experiments/runs/first_batch/H005_donchian__ETHUSDT__early/run_receipt.json
H005_donchian__ETHUSDT__middle,H005_donchian,ETHUSDT,2023-10-15T00:00:00Z,2024-01-12T23:00:00Z,2159,162,-0.14387779583154936,0.162,-0.14824680952111446,completed,experiments/runs/first_batch/H005_donchian__ETHUSDT__middle/run_receipt.json
H005_donchian__ETHUSDT__late,H005_donchian,ETHUSDT,2026-04-29T00:00:00Z,2026-07-27T23:00:00Z,2159,96,-0.07270386065173129,0.096,-0.08327292386467378,completed,experiments/runs/first_batch/H005_donchian__ETHUSDT__late/run_receipt.json
H005_donchian__SOLUSDT__early,H005_donchian,SOLUSDT,2021-01-01T00:00:00Z,2021-03-31T23:00:00Z,2157,152,0.16304093322972202,0.152,-0.2602860839490584,completed,experiments/runs/first_batch/H005_donchian__SOLUSDT__early/run_receipt.json
H005_donchian__SOLUSDT__middle,H005_donchian,SOLUSDT,2023-10-15T00:00:00Z,2024-01-12T23:00:00Z,2159,170,-0.06658245441492805,0.16999999999999998,-0.22121267631352093,completed,experiments/runs/first_batch/H005_donchian__SOLUSDT__middle/run_receipt.json
H005_donchian__SOLUSDT__late,H005_donchian,SOLUSDT,2026-04-29T00:00:00Z,2026-07-27T23:00:00Z,2159,126,-0.11922084758845819,0.126,-0.1319742597290201,completed,experiments/runs/first_batch/H005_donchian__SOLUSDT__late/run_receipt.json
