run_id,strategy_id,symbol,period,cost_mode,observation_count,trade_count,net_return,buy_and_hold_return,excess_return_vs_buy_and_hold,total_cost,maximum_drawdown,status,receipt_path
H002_momentum__BTCUSDT__2022__baseline,H002_momentum,BTCUSDT,2022,baseline,8759,878,-0.8297482737069982,-0.645439945404816,-0.18430832830218224,0.8780000000000001,-0.8300123445328642,completed,experiments/runs/h002_h003_followup_v1/H002_momentum__BTCUSDT__2022__baseline/run_receipt.json
H002_momentum__BTCUSDT__2022__stress,H002_momentum,BTCUSDT,2022,stress,8759,878,-0.9293598099704105,-0.645439945404816,-0.2839198645655945,1.7560000000000002,-0.9293598099704105,completed,experiments/runs/h002_h003_followup_v1/H002_momentum__BTCUSDT__2022__stress/run_receipt.json
H002_momentum__BTCUSDT__2024__baseline,H002_momentum,BTCUSDT,2024,baseline,8783,851,-0.4705195235362152,1.2030722376312029,-1.673591761167418,0.8510000000000001,-0.5507271073085314,completed,experiments/runs/h002_h003_followup_v1/H002_momentum__BTCUSDT__2024__baseline/run_receipt.json
H002_momentum__BTCUSDT__2024__stress,H002_momentum,BTCUSDT,2024,stress,8783,851,-0.7742301418714762,1.2030722376312029,-1.977302379502679,1.7020000000000002,-0.7849149711875554,completed,experiments/runs/h002_h003_followup_v1/H002_momentum__BTCUSDT__2024__stress/run_receipt.json
H002_momentum__BTCUSDT__2025__baseline,H002_momentum,BTCUSDT,2025,baseline,8759,874,-0.6791453596735977,-0.07153430562385155,-0.6076110540497461,0.8740000000000001,-0.6901541489789652,completed,experiments/runs/h002_h003_followup_v1/H002_momentum__BTCUSDT__2025__baseline/run_receipt.json
H002_momentum__BTCUSDT__2025__stress,H002_momentum,BTCUSDT,2025,stress,8759,874,-0.8663005038848854,-0.07153430562385155,-0.7947661982610339,1.7480000000000002,-0.8694148289555953,completed,experiments/runs/h002_h003_followup_v1/H002_momentum__BTCUSDT__2025__stress/run_receipt.json
H002_momentum__BTCUSDT__2026YTD__baseline,H002_momentum,BTCUSDT,2026YTD,baseline,4991,446,-0.48019571331927846,-0.27392758141712437,-0.2062681319021541,0.44600000000000006,-0.5105413935822375,completed,experiments/runs/h002_h003_followup_v1/H002_momentum__BTCUSDT__2026YTD__baseline/run_receipt.json
H002_momentum__BTCUSDT__2026YTD__stress,H002_momentum,BTCUSDT,2026YTD,stress,4991,446,-0.6675050232763478,-0.27392758141712437,-0.3935774418592234,0.8920000000000001,-0.6859736463883912,completed,experiments/runs/h002_h003_followup_v1/H002_momentum__BTCUSDT__2026YTD__stress/run_receipt.json
H002_momentum__ETHUSDT__2022__baseline,H002_momentum,ETHUSDT,2022,baseline,8759,840,-0.7783160628309795,-0.6787222269972926,-0.09959383583368697,0.8400000000000001,-0.7833905951185358,completed,experiments/runs/h002_h003_followup_v1/H002_momentum__ETHUSDT__2022__baseline/run_receipt.json
H002_momentum__ETHUSDT__2022__stress,H002_momentum,ETHUSDT,2022,stress,8759,840,-0.9044311098499064,-0.6787222269972926,-0.2257088828526138,1.6800000000000002,-0.9065251939727753,completed,experiments/runs/h002_h003_followup_v1/H002_momentum__ETHUSDT__2022__stress/run_receipt.json
H002_momentum__ETHUSDT__2024__baseline,H002_momentum,ETHUSDT,2024,baseline,8783,864,-0.553508505314888,0.45404724875953484,-1.0075557540744229,0.8640000000000001,-0.6116065316090198,completed,experiments/runs/h002_h003_followup_v1/H002_momentum__ETHUSDT__2024__baseline/run_receipt.json
H002_momentum__ETHUSDT__2024__stress,H002_momentum,ETHUSDT,2024,stress,8783,864,-0.8120526991068071,0.45404724875953484,-1.266099947866342,1.7280000000000002,-0.8192608976321556,completed,experiments/runs/h002_h003_followup_v1/H002_momentum__ETHUSDT__2024__stress/run_receipt.json
H002_momentum__ETHUSDT__2025__baseline,H002_momentum,ETHUSDT,2025,baseline,8759,871,-0.706749038784695,-0.11655617326158696,-0.590192865523108,0.871,-0.7214916926030325,completed,experiments/runs/h002_h003_followup_v1/H002_momentum__ETHUSDT__2025__baseline/run_receipt.json
H002_momentum__ETHUSDT__2025__stress,H002_momentum,ETHUSDT,2025,stress,8759,871,-0.877407269800952,-0.11655617326158696,-0.760851096539365,1.742,-0.8832205111565792,completed,experiments/runs/h002_h003_followup_v1/H002_momentum__ETHUSDT__2025__stress/run_receipt.json
H002_momentum__ETHUSDT__2026YTD__baseline,H002_momentum,ETHUSDT,2026YTD,baseline,4991,432,-0.4249214746592751,-0.36488232471197823,-0.060039149947296866,0.43200000000000005,-0.5075083615801514,completed,experiments/runs/h002_h003_followup_v1/H002_momentum__ETHUSDT__2026YTD__baseline/run_receipt.json
H002_momentum__ETHUSDT__2026YTD__stress,H002_momentum,ETHUSDT,2026YTD,stress,4991,432,-0.6269036658237686,-0.36488232471197823,-0.2620213411117903,0.8640000000000001,-0.660568407589418,completed,experiments/runs/h002_h003_followup_v1/H002_momentum__ETHUSDT__2026YTD__stress/run_receipt.json
H002_momentum__SOLUSDT__2022__baseline,H002_momentum,SOLUSDT,2022,baseline,8759,839,-0.8950938627350598,-0.9421626638821209,0.047068801147061134,0.8390000000000001,-0.9044620670470546,completed,experiments/runs/h002_h003_followup_v1/H002_momentum__SOLUSDT__2022__baseline/run_receipt.json
H002_momentum__SOLUSDT__2022__stress,H002_momentum,SOLUSDT,2022,stress,8759,839,-0.9547453502919392,-0.9421626638821209,-0.0125826864098183,1.6780000000000002,-0.9569013221193401,completed,experiments/runs/h002_h003_followup_v1/H002_momentum__SOLUSDT__2022__stress/run_receipt.json
H002_momentum__SOLUSDT__2024__baseline,H002_momentum,SOLUSDT,2024,baseline,8783,842,-0.7259854235100152,0.856708513142409,-1.5826939366524242,0.8420000000000001,-0.7443689055376272,completed,experiments/runs/h002_h003_followup_v1/H002_momentum__SOLUSDT__2024__baseline/run_receipt.json
H002_momentum__SOLUSDT__2024__stress,H002_momentum,SOLUSDT,2024,stress,8783,842,-0.8820904429866878,0.856708513142409,-1.7387989561290969,1.6840000000000002,-0.8867688228244845,completed,experiments/runs/h002_h003_followup_v1/H002_momentum__SOLUSDT__2024__stress/run_receipt.json
H002_momentum__SOLUSDT__2025__baseline,H002_momentum,SOLUSDT,2025,baseline,8759,769,-0.7918799259678564,-0.3526020567154876,-0.4392778692523688,0.769,-0.8544393495524342,completed,experiments/runs/h002_h003_followup_v1/H002_momentum__SOLUSDT__2025__baseline/run_receipt.json
H002_momentum__SOLUSDT__2025__stress,H002_momentum,SOLUSDT,2025,stress,8759,769,-0.9036524214528739,-0.3526020567154876,-0.5510503647373863,1.538,-0.9303500883212685,completed,experiments/runs/h002_h003_followup_v1/H002_momentum__SOLUSDT__2025__stress/run_receipt.json
H002_momentum__SOLUSDT__2026YTD__baseline,H002_momentum,SOLUSDT,2026YTD,baseline,4991,428,-0.4440963419806092,-0.4071114662405114,-0.03698487574009779,0.42800000000000005,-0.5021197992223799,completed,experiments/runs/h002_h003_followup_v1/H002_momentum__SOLUSDT__2026YTD__baseline/run_receipt.json
H002_momentum__SOLUSDT__2026YTD__stress,H002_momentum,SOLUSDT,2026YTD,stress,4991,428,-0.6378840242150483,-0.4071114662405114,-0.23077255797453688,0.8560000000000001,-0.6735603680248162,completed,experiments/runs/h002_h003_followup_v1/H002_momentum__SOLUSDT__2026YTD__stress/run_receipt.json
H003_moving_average__BTCUSDT__2022__baseline,H003_moving_average,BTCUSDT,2022,baseline,8759,140,-0.5580221582451766,-0.645439945404816,0.08741778715963933,0.14,-0.582194541010594,completed,experiments/runs/h002_h003_followup_v1/H003_moving_average__BTCUSDT__2022__baseline/run_receipt.json
H003_moving_average__BTCUSDT__2022__stress,H003_moving_average,BTCUSDT,2022,stress,8759,140,-0.6158218750612168,-0.645439945404816,0.0296180703435992,0.28,-0.6361551714015022,completed,experiments/runs/h002_h003_followup_v1/H003_moving_average__BTCUSDT__2022__stress/run_receipt.json
H003_moving_average__BTCUSDT__2024__baseline,H003_moving_average,BTCUSDT,2024,baseline,8783,98,1.1788466728707818,1.2030722376312029,-0.024225564760421037,0.098,-0.19675915784044262,completed,experiments/runs/h002_h003_followup_v1/H003_moving_average__BTCUSDT__2024__baseline/run_receipt.json
H003_moving_average__BTCUSDT__2024__stress,H003_moving_average,BTCUSDT,2024,stress,8783,98,0.9751541714825285,1.2030722376312029,-0.22791806614867438,0.196,-0.236564769204882,completed,experiments/runs/h002_h003_followup_v1/H003_moving_average__BTCUSDT__2024__stress/run_receipt.json
H003_moving_average__BTCUSDT__2025__baseline,H003_moving_average,BTCUSDT,2025,baseline,8759,129,-0.25289746070575814,-0.07153430562385155,-0.1813631550819066,0.129,-0.2920134140029208,completed,experiments/runs/h002_h003_followup_v1/H003_moving_average__BTCUSDT__2025__baseline/run_receipt.json
H003_moving_average__BTCUSDT__2025__stress,H003_moving_average,BTCUSDT,2025,stress,8759,129,-0.34341898661058645,-0.07153430562385155,-0.2718846809867349,0.258,-0.374669550217253,completed,experiments/runs/h002_h003_followup_v1/H003_moving_average__BTCUSDT__2025__stress/run_receipt.json
H003_moving_average__BTCUSDT__2026YTD__baseline,H003_moving_average,BTCUSDT,2026YTD,baseline,4991,63,-0.26938510961054973,-0.27392758141712437,0.004542471806574633,0.063,-0.3108493151181404,completed,experiments/runs/h002_h003_followup_v1/H003_moving_average__BTCUSDT__2026YTD__baseline/run_receipt.json
H003_moving_average__BTCUSDT__2026YTD__stress,H003_moving_average,BTCUSDT,2026YTD,stress,4991,63,-0.31406647278979305,-0.27392758141712437,-0.040138891372668684,0.126,-0.35104795720300386,completed,experiments/runs/h002_h003_followup_v1/H003_moving_average__BTCUSDT__2026YTD__stress/run_receipt.json
H003_moving_average__ETHUSDT__2022__baseline,H003_moving_average,ETHUSDT,2022,baseline,8759,121,-0.49158831807542036,-0.6787222269972926,0.1871339089218722,0.121,-0.557672829619727,completed,experiments/runs/h002_h003_followup_v1/H003_moving_average__ETHUSDT__2022__baseline/run_receipt.json
H003_moving_average__ETHUSDT__2022__stress,H003_moving_average,ETHUSDT,2022,stress,8759,121,-0.5495762287535311,-0.6787222269972926,0.1291459982437615,0.242,-0.5784823342524085,completed,experiments/runs/h002_h003_followup_v1/H003_moving_average__ETHUSDT__2022__stress/run_receipt.json
H003_moving_average__ETHUSDT__2024__baseline,H003_moving_average,ETHUSDT,2024,baseline,8783,112,0.9197253575198006,0.45404724875953484,0.4656781087602657,0.112,-0.2710566108384411,completed,experiments/runs/h002_h003_followup_v1/H003_moving_average__ETHUSDT__2024__baseline/run_receipt.json
H003_moving_average__ETHUSDT__2024__stress,H003_moving_average,ETHUSDT,2024,stress,8783,112,0.7161095585147519,0.45404724875953484,0.26206230975521705,0.224,-0.2968828469008765,completed,experiments/runs/h002_h003_followup_v1/H003_moving_average__ETHUSDT__2024__stress/run_receipt.json
H003_moving_average__ETHUSDT__2025__baseline,H003_moving_average,ETHUSDT,2025,baseline,8759,119,-0.17742356911407287,-0.11655617326158696,-0.060867395852485906,0.11900000000000001,-0.5734808696502649,completed,experiments/runs/h002_h003_followup_v1/H003_moving_average__ETHUSDT__2025__baseline/run_receipt.json
H003_moving_average__ETHUSDT__2025__stress,H003_moving_average,ETHUSDT,2025,stress,8759,119,-0.26983467139438855,-0.11655617326158696,-0.1532784981328016,0.23800000000000002,-0.5928757417625592,completed,experiments/runs/h002_h003_followup_v1/H003_moving_average__ETHUSDT__2025__stress/run_receipt.json
H003_moving_average__ETHUSDT__2026YTD__baseline,H003_moving_average,ETHUSDT,2026YTD,baseline,4991,63,-0.311220618642851,-0.36488232471197823,0.053661706069127235,0.063,-0.38167963241871217,completed,experiments/runs/h002_h003_followup_v1/H003_moving_average__ETHUSDT__2026YTD__baseline/run_receipt.json
H003_moving_average__ETHUSDT__2026YTD__stress,H003_moving_average,ETHUSDT,2026YTD,stress,4991,63,-0.35333161968596527,-0.36488232471197823,0.011550705026012964,0.126,-0.4130589473042192,completed,experiments/runs/h002_h003_followup_v1/H003_moving_average__ETHUSDT__2026YTD__stress/run_receipt.json
H003_moving_average__SOLUSDT__2022__baseline,H003_moving_average,SOLUSDT,2022,baseline,8759,103,-0.547567048561223,-0.9421626638821209,0.39459561532089793,0.10300000000000001,-0.6165306378656443,completed,experiments/runs/h002_h003_followup_v1/H003_moving_average__SOLUSDT__2022__baseline/run_receipt.json
H003_moving_average__SOLUSDT__2022__stress,H003_moving_average,SOLUSDT,2022,stress,8759,103,-0.59190871843427,-0.9421626638821209,0.35025394544785093,0.20600000000000002,-0.6360150774779486,completed,experiments/runs/h002_h003_followup_v1/H003_moving_average__SOLUSDT__2022__stress/run_receipt.json
H003_moving_average__SOLUSDT__2024__baseline,H003_moving_average,SOLUSDT,2024,baseline,8783,109,0.4064553917819318,0.856708513142409,-0.45025312136047724,0.10900000000000001,-0.40713186047506933,completed,experiments/runs/h002_h003_followup_v1/H003_moving_average__SOLUSDT__2024__baseline/run_receipt.json
H003_moving_average__SOLUSDT__2024__stress,H003_moving_average,SOLUSDT,2024,stress,8783,109,0.2609604742713343,0.856708513142409,-0.5957480388710747,0.21800000000000003,-0.4258772965075108,completed,experiments/runs/h002_h003_followup_v1/H003_moving_average__SOLUSDT__2024__stress/run_receipt.json
H003_moving_average__SOLUSDT__2025__baseline,H003_moving_average,SOLUSDT,2025,baseline,8759,129,-0.42877351443622624,-0.3526020567154876,-0.07617145772073863,0.129,-0.6073379162772004,completed,experiments/runs/h002_h003_followup_v1/H003_moving_average__SOLUSDT__2025__baseline/run_receipt.json
H003_moving_average__SOLUSDT__2025__stress,H003_moving_average,SOLUSDT,2025,stress,8759,129,-0.49791347002076525,-0.3526020567154876,-0.14531141330527764,0.258,-0.6531321174757814,completed,experiments/runs/h002_h003_followup_v1/H003_moving_average__SOLUSDT__2025__stress/run_receipt.json
H003_moving_average__SOLUSDT__2026YTD__baseline,H003_moving_average,SOLUSDT,2026YTD,baseline,4991,67,-0.3152713006386838,-0.4071114662405114,0.09184016560182762,0.067,-0.3863936845436806,completed,experiments/runs/h002_h003_followup_v1/H003_moving_average__SOLUSDT__2026YTD__baseline/run_receipt.json
H003_moving_average__SOLUSDT__2026YTD__stress,H003_moving_average,SOLUSDT,2026YTD,stress,4991,67,-0.35969690619975125,-0.4071114662405114,0.04741456004076017,0.134,-0.4210096442439981,completed,experiments/runs/h002_h003_followup_v1/H003_moving_average__SOLUSDT__2026YTD__stress/run_receipt.json
